,count,mean,std,min,25%,50%,75%,max
CountryCode,95662.0,256.0,0.0,256.0,256.0,256.0,256.0,256.0
Amount,95662.0,6717.846433275491,123306.79716433848,-1000000.0,-50.0,1000.0,2800.0,9880000.0
Value,95662.0,9900.583941376932,123122.08777619714,2.0,275.0,1000.0,5000.0,9880000.0
PricingStrategy,95662.0,2.25597415901821,0.732924109485572,0.0,2.0,2.0,2.0,4.0
FraudResult,95662.0,0.00201752001839811,0.04487171357472356,0.0,0.0,0.0,0.0,1.0
